,index,receiptno,completiontime,details,transactionstatus,paidin,withdrawn,balance
0,0,0AE9WNFV0G,2023-09-25 00:00:00,Deposit of Funds at Agent Till 73455 - Twin Hills Wholesale,COMPLETED,4223.58,0.0,5223.58
1,1,3FJ41QMM9B,2024-10-29 00:00:00,OD Loan Repayment to 232323 - M-PESA Overdraw,COMPLETED,0.0,78.86,5144.72
2,2,V81RTV56AK,2024-01-24 00:00:00,OD Loan Repayment to 232323 - M-PESA Overdraw,COMPLETED,0.0,772.27,4372.45
3,3,4E3D8Q6CPQ,2023-02-06 00:00:00,OverDraft of Credit Party,COMPLETED,719.4,0.0,5091.85
4,4,NOG13VF4UB,2023-05-15 00:00:00,Customer Transfer to - 2543*******805 Shrek Fiona,COMPLETED,0.0,354.73,4737.12
5,5,AUIGWPXO9C,2024-08-10 00:00:00,Customer Transfer to - 2543*******805 Shrek Fiona,COMPLETED,0.0,354.73,4737.12
6,6,AUP675QWWY,2024-01-22 00:00:00,Merchant Payment to 5995543 - Joes Garage,COMPLETED,0.0,780.56,3956.56
7,7,LFMVO9CC49,2023-12-03 00:00:00,Deposit of Funds at Agent Till 95150 - Empire Records,COMPLETED,235.18,0.0,4191.74
8,8,QNWRFWXNEX,2024-08-29 00:00:00,Deposit of Funds at Agent Till 95150 - Empire Records,COMPLETED,235.18,0.0,4191.74
9,9,Z789XSPLNC,2024-02-14 00:00:00,Funds received from - 2545*******390 Homer Simpson,COMPLETED,100.96,0.0,4292.7
10,10,RR5U9KPYIR,2024-09-21 00:00:00,Funds received from - 2540*******706 Clark Kent,COMPLETED,206.04,0.0,4498.74
11,11,8DOH7TDLGG,2023-06-18 00:00:00,Funds received from - 2540*******362 Courage TheCowardly Dog,COMPLETED,575.05,0.0,5073.79
12,12,85RUMDFANH,2023-09-19 00:00:00,Deposit of Funds at Agent Till 48967 - Los Pollos Hermanos,COMPLETED,3699.96,0.0,8773.75
13,13,HJAJU1JG7X,2024-07-27 00:00:00,Deposit of Funds at Agent Till 96630 - Netflix,COMPLETED,3022.56,0.0,11796.31
14,14,3IO4XNL1OT,2023-06-02 00:00:00,Customer Withdrawal At Agent Till 3446292 - Umoja Household Dealers Agg Agg,COMPLETED,0.0,1833.0,9963.31
15,15,29RTZFHWXF,2023-02-20 00:00:00,Customer Withdrawal At Agent Till 3446292 - Umoja Household Dealers Agg Agg,COMPLETED,0.0,1833.0,9963.31
16,16,50U601EMPR,2023-08-08 00:00:00,Customer Transfer to - 2547*******501 Mr. McQuinn,COMPLETED,0.0,67.82,9895.49
17,17,L7QLOZPIO2,2024-01-17 00:00:00,Customer Transfer to - 2547*******501 Mr. McQuinn,COMPLETED,0.0,67.82,9895.49
18,18,04AYA3BJHD,2023-10-27 00:00:00,Customer Transfer to - 2547*******501 Mr. McQuinn,COMPLETED,0.0,67.82,9895.49
19,19,IEC5E672HW,2024-08-14 00:00:00,Customer Transfer to - 2547*******501 Mr. McQuinn,COMPLETED,0.0,67.82,9895.49
20,20,1MKKVZ2CME,2023-05-31 00:00:00,OD Loan Repayment to 232323 - M-PESA Overdraw,COMPLETED,0.0,2189.14,7706.35
21,21,J9HEXVNKBX,2024-05-27 00:00:00,OverDraft of Credit Party,COMPLETED,1930.6,0.0,9636.95
22,22,JCEGE49TEN,2024-11-01 00:00:00,Merchant Payment to 5459928 - The Coffee Shop,COMPLETED,0.0,1260.39,8376.56
23,23,WYGRL2S7CE,2024-05-07 00:00:00,OverDraft of Credit Party,COMPLETED,1314.63,0.0,9691.19
24,24,EYO7CLP9C8,2024-06-27 00:00:00,OverDraft of Credit Party,COMPLETED,1314.63,0.0,9691.19
25,25,11AF9WJNQ9,2023-10-06 00:00:00,OverDraft of Credit Party,COMPLETED,1314.63,0.0,9691.19
26,26,SLH3ATXNOO,2023-12-12 00:00:00,Pay Bill Online to NHIF Acc. 9947027,COMPLETED,0.0,1756.66,7934.53
27,27,SMF65SJWFC,2024-09-06 00:00:00,Customer Transfer to - 2549*******635 Clark Kent,COMPLETED,0.0,691.76,7242.77
28,28,7CAS0U08VJ,2023-12-06 00:00:00,Customer Withdrawal At Agent Till 9325512 - Equator Electricals Agg Agg,COMPLETED,0.0,762.02,6480.75
29,29,U76Q5QASPT,2024-07-22 00:00:00,Customer Withdrawal At Agent Till 9325512 - Equator Electricals Agg Agg,COMPLETED,0.0,762.02,6480.75
30,30,XM4ZGN23KP,2024-09-07 00:00:00,Funds received from - 2544*******380 Courage TheCowardly Dog,COMPLETED,1326.7,0.0,7807.45
31,31,KB6QXZU7AY,2023-09-14 00:00:00,Merchant Payment to 2608136 - Hillview Gen Traders,COMPLETED,0.0,655.45,7152.0
32,32,UDEFD912HP,2023-08-24 00:00:00,Deposit of Funds at Agent Till 59760 - Bluths Frozen Banana Stand,COMPLETED,1551.56,0.0,8703.56
33,33,YFBAIHANZM,2023-04-02 00:00:00,Pay Bill Online to Safaricom Acc. 3812883,COMPLETED,0.0,269.8,8433.76
34,34,J5UW11H114,2023-05-26 00:00:00,OD Loan Repayment to 232323 - M-PESA Overdraw,COMPLETED,0.0,1950.26,6483.5
35,35,B017QKXOIE,2024-07-29 00:00:00,OD Loan Repayment to 232323 - M-PESA Overdraw,COMPLETED,0.0,1950.26,6483.5
36,36,KNH7Y4XMJ3,2023-02-17 00:00:00,OD Loan Repayment to 232323 - M-PESA Overdraw,COMPLETED,0.0,1950.26,6483.5
37,37,HZ5BQU7XYI,2023-02-12 00:00:00,Merchant Payment to 9015905 - KipTech Agro Hardware,COMPLETED,0.0,1292.21,5191.29
38,38,2PBWKIG5WF,2024-08-15 00:00:00,Pay Bill Online to Moes Tavern Acc. 8375838,COMPLETED,0.0,479.56,4711.73
39,39,UVXR0WNLST,2023-02-19 00:00:00,Customer Transfer to - 2545*******938 Shrek Fiona,COMPLETED,0.0,192.17,4519.56
40,40,XFK2BD77D6,2023-03-18 00:00:00,Merchant Payment to 6260440 - Karva Barbers,COMPLETED,0.0,1176.82,3342.74
41,41,GI3A0CTFNA,2024-08-06 00:00:00,OD Loan Repayment to 232323 - M-PESA Overdraw,COMPLETED,0.0,2090.96,1251.78
42,42,UB85EU3PXS,2024-01-16 00:00:00,OD Loan Repayment to 232323 - M-PESA Overdraw,COMPLETED,0.0,2090.96,1251.78
43,43,BFQBB1Y1IQ,2023-07-30 00:00:00,Deposit of Funds at Agent Till 23210 - Highridge Variety Store,COMPLETED,275.44,0.0,1527.22
44,44,P4XN3DZPJX,2024-07-03 00:00:00,Deposit of Funds at Agent Till 07128 - Naivas,COMPLETED,4996.77,0.0,6523.99
45,45,9F3SVBK1H9,2024-06-17 00:00:00,OD Loan Repayment to 232323 - M-PESA Overdraw,COMPLETED,0.0,2834.43,3689.56
46,46,VXD5BAR12G,2024-03-17 00:00:00,Customer Transfer to - 2543*******814 Darth Vader,COMPLETED,0.0,455.98,3233.58
47,47,8Z6TOS918E,2023-08-12 00:00:00,Customer Transfer to - 2543*******814 Darth Vader,COMPLETED,0.0,455.98,3233.58
48,48,Q2PK34R70X,2023-02-04 00:00:00,Pay Bill Online to Lukes Diner Acc. 1455773,COMPLETED,0.0,1758.34,1475.24
49,49,LPDR0OXI9F,2023-10-29 00:00:00,OverDraft of Credit Party,COMPLETED,883.42,0.0,2358.66
50,50,T2QHLOM3IU,2023-07-15 00:00:00,Funds received from - 2544*******598 Bruce Wayne,COMPLETED,1553.63,0.0,3912.29
51,51,VHO5PO960V,2024-02-28 00:00:00,Customer Transfer to - 2540*******316 Courage TheCowardly Dog,COMPLETED,0.0,871.78,3040.51
52,52,JHRP3RVIFW,2023-12-16 00:00:00,Customer Transfer to - 2540*******316 Courage TheCowardly Dog,COMPLETED,0.0,871.78,3040.51
53,53,LUXRAIVJC6,2024-09-29 00:00:00,Customer Transfer to - 2548*******352 Yoda Master,COMPLETED,0.0,240.55,2799.96
54,54,BLZQY8Q6JX,2024-05-02 00:00:00,Customer Transfer to - 2548*******352 Yoda Master,COMPLETED,0.0,240.55,2799.96
55,55,PQCO4804QQ,2023-08-01 00:00:00,Customer Transfer to - 2546*******630 Bruce Wayne,COMPLETED,0.0,748.29,2051.67
56,56,4IQP7HID9S,2023-12-20 00:00:00,Deposit of Funds at Agent Till 04454 - Empire Records,COMPLETED,4526.97,0.0,6578.64
57,57,TJKIDD2MU5,2023-08-14 00:00:00,OD Loan Repayment to 232323 - M-PESA Overdraw,COMPLETED,0.0,673.51,5905.13
58,58,OY82NVSMS2,2023-07-20 00:00:00,OverDraft of Credit Party,COMPLETED,2326.19,0.0,8231.32
59,59,TMBXFAYFU4,2023-07-09 00:00:00,Deposit of Funds at Agent Till 93371 - Los Pollos Hermanos,COMPLETED,1089.08,0.0,9320.4
60,60,K6BDPSOY25,2024-02-10 00:00:00,Pay Bill Online to Equity Bank Acc. 6808905,COMPLETED,0.0,233.39,9087.01
61,61,E71NC3H49V,2023-06-28 00:00:00,Deposit of Funds at Agent Till 39418 - Gloryline Essentials,COMPLETED,1172.32,0.0,10259.33
62,62,3AX4S24GSN,2024-08-07 00:00:00,OverDraft of Credit Party,COMPLETED,2840.33,0.0,13099.66
63,63,GZWQCVPROU,2023-07-26 00:00:00,OD Loan Repayment to 232323 - M-PESA Overdraw,COMPLETED,0.0,118.69,12980.97
64,64,4O4SJHCKA3,2024-01-23 00:00:00,OD Loan Repayment to 232323 - M-PESA Overdraw,COMPLETED,0.0,118.69,12980.97
65,65,KS2K73KN43,2024-04-05 00:00:00,OD Loan Repayment to 232323 - M-PESA Overdraw,COMPLETED,0.0,118.69,12980.97
66,66,8A98RDGSK3,2024-06-20 00:00:00,OD Loan Repayment to 232323 - M-PESA Overdraw,COMPLETED,0.0,1822.99,11157.98
67,67,R98VN1NQ7B,2023-09-28 00:00:00,Merchant Payment to 5134215 - Joes Garage,COMPLETED,0.0,456.01,10701.97
68,68,2N38JJ99OG,2024-12-14 00:00:00,Deposit of Funds at Agent Till 19165 - Androids Dungeon,COMPLETED,993.47,0.0,11695.44
69,69,6RIFA4KD6J,2023-06-04 00:00:00,Deposit of Funds at Agent Till 68476 - Netflix,COMPLETED,2948.91,0.0,14644.35
70,70,SV1UPX9SFY,2023-07-25 00:00:00,Deposit of Funds at Agent Till 68476 - Netflix,COMPLETED,2948.91,0.0,14644.35
71,71,AB6O2BSBR7,2023-07-13 00:00:00,Deposit of Funds at Agent Till 68476 - Netflix,COMPLETED,2948.91,0.0,14644.35
72,72,JTTN4154IK,2023-05-08 00:00:00,OD Loan Repayment to 232323 - M-PESA Overdraw,COMPLETED,0.0,2798.61,11845.74
73,73,3Z692KK4BP,2024-01-28 00:00:00,OD Loan Repayment to 232323 - M-PESA Overdraw,COMPLETED,0.0,2798.61,11845.74
74,74,68UMFCLXLO,2023-09-06 00:00:00,Customer Withdrawal At Agent Till 5140289 - Equator Electricals Agg Agg,COMPLETED,0.0,3508.77,8336.97
75,75,WGW6TH51US,2024-01-01 00:00:00,Customer Withdrawal At Agent Till 5140289 - Equator Electricals Agg Agg,COMPLETED,0.0,3508.77,8336.97
76,76,C064X9B8S0,2023-11-01 00:00:00,Deposit of Funds at Agent Till 64137 - The Coffee Shop,COMPLETED,3255.21,0.0,11592.18
77,77,57HBY4U0NO,2024-05-31 00:00:00,Deposit of Funds at Agent Till 64137 - The Coffee Shop,COMPLETED,3255.21,0.0,11592.18
78,78,A84VAZ96WD,2024-02-19 00:00:00,Customer Transfer to - 2548*******876 Mickey Mouse,COMPLETED,0.0,415.86,11176.32
79,79,3M3XIU2PV3,2023-08-12 00:00:00,Customer Transfer to - 2540*******310 Bruce Wayne,COMPLETED,0.0,161.46,11014.86
80,80,KYBOZCM0Z5,2023-08-26 00:00:00,Customer Transfer to - 2540*******310 Bruce Wayne,COMPLETED,0.0,161.46,11014.86
81,81,504MQ438T9,2024-04-05 00:00:00,OD Loan Repayment to 232323 - M-PESA Overdraw,COMPLETED,0.0,2164.69,8850.17
82,82,S6YUA4ZXH5,2024-11-18 00:00:00,Customer Transfer to - 2545*******811 Bruce Wayne,COMPLETED,0.0,729.59,8120.58
83,83,PMHXJV5H2S,2024-06-18 00:00:00,Customer Transfer to - 2543*******796 Tony Stark,COMPLETED,0.0,241.1,7879.48
84,84,TT66HB04C3,2024-12-09 00:00:00,Deposit of Funds at Agent Till 58358 - Highridge Variety Store,COMPLETED,2042.57,0.0,9922.05
85,85,BQ9RHNYLPT,2023-10-10 00:00:00,Deposit of Funds at Agent Till 58358 - Highridge Variety Store,COMPLETED,2042.57,0.0,9922.05
86,86,3MFTB5CRO1,2023-06-29 00:00:00,Pay Bill Online to Kwik E-Mart Acc. 5113307,COMPLETED,0.0,1601.35,8320.7
87,87,GNAZFAFEE1,2024-10-18 00:00:00,Merchant Payment to 8199095 - Hillview Gen Traders,COMPLETED,0.0,167.78,8152.92
88,88,93C2R6EPQP,2024-10-17 00:00:00,Merchant Payment to 8199095 - Hillview Gen Traders,COMPLETED,0.0,167.78,8152.92
89,89,ULY5A3YF18,2024-08-21 00:00:00,Merchant Payment to 8199095 - Hillview Gen Traders,COMPLETED,0.0,167.78,8152.92
90,90,484J0PBXUD,2024-10-01 00:00:00,Customer Transfer to - 2545*******104 Peter Parker,COMPLETED,0.0,694.69,7458.23
91,91,9X1WNRGVBC,2023-11-15 00:00:00,Customer Transfer to - 2545*******104 Peter Parker,COMPLETED,0.0,694.69,7458.23
92,92,YU5141LUS6,2024-03-08 00:00:00,Merchant Payment to 1103200 - Highridge Variety Store,COMPLETED,0.0,874.43,6583.8
93,93,YQPC89BGV4,2024-12-14 00:00:00,Merchant Payment to 1103200 - Highridge Variety Store,COMPLETED,0.0,874.43,6583.8
94,94,IA2FCBO4H3,2023-08-15 00:00:00,OverDraft of Credit Party,COMPLETED,2487.16,0.0,9070.96
95,95,B17EHMHKMI,2023-11-01 00:00:00,OverDraft of Credit Party,COMPLETED,2487.16,0.0,9070.96
96,96,C9V3SWK4WO,2024-11-14 00:00:00,Deposit of Funds at Agent Till 87274 - The Coffee Shop,COMPLETED,657.48,0.0,9728.44
97,97,JG2UHZ1LUS,2023-04-30 00:00:00,Deposit of Funds at Agent Till 87274 - The Coffee Shop,COMPLETED,657.48,0.0,9728.44
98,98,23A9ENM4HQ,2024-03-29 00:00:00,Deposit of Funds at Agent Till 87274 - The Coffee Shop,COMPLETED,657.48,0.0,9728.44
99,99,RLSRF1TME7,2023-01-18 00:00:00,Deposit of Funds at Agent Till 87274 - The Coffee Shop,COMPLETED,657.48,0.0,9728.44
100,100,S99CJQXE2B,2023-04-25 00:00:00,Customer Withdrawal At Agent Till 5949343 - Rift View Shop Agg Agg,COMPLETED,0.0,3321.59,6406.85
101,101,VML6KETYYN,2023-09-14 00:00:00,Customer Withdrawal At Agent Till 5949343 - Rift View Shop Agg Agg,COMPLETED,0.0,3321.59,6406.85
102,102,M4HN3BIZ8O,2024-09-11 00:00:00,Deposit of Funds at Agent Till 93865 - Quick Mart,COMPLETED,4792.06,0.0,11198.91
103,103,A7Y9QAC6EI,2024-11-08 00:00:00,OverDraft of Credit Party,COMPLETED,2211.99,0.0,13410.9
104,104,M25RYAZFOV,2023-11-23 00:00:00,Pay Bill Online to The Magic Box Acc. 5918785,COMPLETED,0.0,523.62,12887.28
105,105,WIB24Y1X7Q,2024-11-08 00:00:00,Funds received from - 2544*******840 Woody Buzz,COMPLETED,217.24,0.0,13104.52
106,106,FU10ELIQGD,2024-07-30 00:00:00,OverDraft of Credit Party,COMPLETED,530.98,0.0,13635.5
107,107,BWKWFZZTK5,2023-10-01 00:00:00,OverDraft of Credit Party,COMPLETED,530.98,0.0,13635.5
108,108,ZTOJXE0RT6,2023-10-15 00:00:00,OverDraft of Credit Party,COMPLETED,530.98,0.0,13635.5
109,109,0YRK9JGO68,2024-10-23 00:00:00,OverDraft of Credit Party,COMPLETED,530.98,0.0,13635.5
110,110,O32BQ2EIMP,2024-12-06 00:00:00,OverDraft of Credit Party,COMPLETED,2299.84,0.0,15935.34
111,111,8C8HXVTHDH,2024-09-18 00:00:00,OverDraft of Credit Party,COMPLETED,2299.84,0.0,15935.34
112,112,UDRX87ADMB,2024-01-02 00:00:00,OverDraft of Credit Party,COMPLETED,2299.84,0.0,15935.34
113,113,NLXYUK8COG,2024-07-03 00:00:00,Merchant Payment to 4210017 - Gloryline Essentials,COMPLETED,0.0,438.67,15496.67
114,114,8J358VIRG8,2023-05-24 00:00:00,Merchant Payment to 4210017 - Gloryline Essentials,COMPLETED,0.0,438.67,15496.67
115,115,QC2RNHLIW5,2024-02-20 00:00:00,Customer Transfer to - 2549*******406 Simba Nala,COMPLETED,0.0,609.88,14886.79
116,116,RBOODCKAVL,2023-04-09 00:00:00,Pay Bill Online to Lukes Diner Acc. 5856655,COMPLETED,0.0,1357.84,13528.95
117,117,IRLJEPBHIH,2024-11-06 00:00:00,OD Loan Repayment to 232323 - M-PESA Overdraw,COMPLETED,0.0,98.52,13430.43
118,118,IRH9E3J310,2024-10-14 00:00:00,Funds received from - 2542*******472 Woody Buzz,COMPLETED,977.78,0.0,14408.21
119,119,9EWM0DV7KQ,2023-05-27 00:00:00,Funds received from - 2542*******472 Woody Buzz,COMPLETED,977.78,0.0,14408.21
120,120,CUOT8BDWM0,2023-12-10 00:00:00,Customer Transfer to - 2545*******918 Mr. McQuinn,COMPLETED,0.0,366.77,14041.44
121,121,1F78POR4U9,2024-02-01 00:00:00,Customer Transfer to - 2545*******918 Mr. McQuinn,COMPLETED,0.0,366.77,14041.44
122,122,3TLR5O87W0,2024-09-17 00:00:00,Customer Withdrawal At Agent Till 3293491 - Upendo Agrovet Ltd Agg Agg,COMPLETED,0.0,4460.4,9581.04
123,123,1QL1ATJRI8,2024-02-04 00:00:00,OD Loan Repayment to 232323 - M-PESA Overdraw,COMPLETED,0.0,388.55,9192.49
124,124,V8LHQRSRPQ,2024-09-11 00:00:00,OD Loan Repayment to 232323 - M-PESA Overdraw,COMPLETED,0.0,388.55,9192.49
125,125,XGFHJVWHKP,2023-12-16 00:00:00,Funds received from - 2548*******855 Mickey Mouse,COMPLETED,1815.16,0.0,11007.65
126,126,QMNFLA1CPO,2024-09-09 00:00:00,Customer Transfer to - 2544*******387 Clark Kent,COMPLETED,0.0,348.33,10659.32
127,127,9E1AIXWNYZ,2023-08-19 00:00:00,OD Loan Repayment to 232323 - M-PESA Overdraw,COMPLETED,0.0,354.57,10304.75
128,128,IRTPSK2RJD,2023-05-19 00:00:00,OD Loan Repayment to 232323 - M-PESA Overdraw,COMPLETED,0.0,2243.75,8061.0
129,129,QO0ZCDK6VO,2024-02-12 00:00:00,Pay Bill Online to Moes Tavern Acc. 6691398,COMPLETED,0.0,577.7,7483.3
130,130,R6DH0TGGRC,2024-06-13 00:00:00,Pay Bill Online to Moes Tavern Acc. 6691398,COMPLETED,0.0,577.7,7483.3
131,131,QAHDCO912I,2024-08-31 00:00:00,Pay Bill Online to Moes Tavern Acc. 6691398,COMPLETED,0.0,577.7,7483.3
132,132,TXJ8H5CMYA,2024-12-08 00:00:00,Pay Bill Online to Moes Tavern Acc. 6691398,COMPLETED,0.0,577.7,7483.3
133,133,U1TD2CQ5CW,2023-01-11 00:00:00,Pay Bill Online to Moes Tavern Acc. 6691398,COMPLETED,0.0,577.7,7483.3
134,134,AAK9CIMUWJ,2023-08-02 00:00:00,Pay Bill Online to Moes Tavern Acc. 6691398,COMPLETED,0.0,577.7,7483.3
135,135,4UHXUUBA6R,2023-08-26 00:00:00,Pay Bill Online to Moes Tavern Acc. 6691398,COMPLETED,0.0,577.7,7483.3
136,136,PFJX3UOSPE,2024-12-14 00:00:00,Customer Transfer to - 2545*******737 Peter Parker,COMPLETED,0.0,445.19,7038.11
137,137,O2MX8GEO1L,2023-06-29 00:00:00,Deposit of Funds at Agent Till 91105 - Highridge Variety Store,COMPLETED,2357.32,0.0,9395.43
138,138,Q6L64169X4,2023-06-24 00:00:00,Deposit of Funds at Agent Till 91105 - Highridge Variety Store,COMPLETED,2357.32,0.0,9395.43
139,139,KWJLHUMPF7,2024-06-08 00:00:00,Deposit of Funds at Agent Till 91105 - Highridge Variety Store,COMPLETED,2357.32,0.0,9395.43
140,140,OK7IB38ZCJ,2023-06-26 00:00:00,Funds received from - 2544*******493 Shrek Fiona,COMPLETED,162.11,0.0,9557.54
141,141,HEP6LKQHV7,2024-07-10 00:00:00,Funds received from - 2544*******493 Shrek Fiona,COMPLETED,162.11,0.0,9557.54
142,142,2VPAG61PXL,2024-03-28 00:00:00,Deposit of Funds at Agent Till 32867 - Quick Mart,COMPLETED,2018.24,0.0,11575.78
143,143,T23WLYJYHE,2023-05-24 00:00:00,Deposit of Funds at Agent Till 32867 - Quick Mart,COMPLETED,2018.24,0.0,11575.78
144,144,1RF0P6WWFM,2023-11-29 00:00:00,Merchant Payment to 4758742 - Netflix,COMPLETED,0.0,1378.75,10197.03
145,145,9RTUUE00IO,2024-05-02 00:00:00,Merchant Payment to 4903728 - The Coffee Shop,COMPLETED,0.0,742.03,9455.0
146,146,L6VNBMHBBO,2024-04-26 00:00:00,OD Loan Repayment to 232323 - M-PESA Overdraw,COMPLETED,0.0,550.92,8904.08
147,147,2Q07YO8OQI,2024-08-17 00:00:00,OD Loan Repayment to 232323 - M-PESA Overdraw,COMPLETED,0.0,2607.32,6296.76
148,148,2CYVWOBIA1,2023-01-12 00:00:00,OD Loan Repayment to 232323 - M-PESA Overdraw,COMPLETED,0.0,1929.77,4366.99
149,149,2J7TGBNT1E,2023-02-25 00:00:00,OD Loan Repayment to 232323 - M-PESA Overdraw,COMPLETED,0.0,1929.77,4366.99
150,150,072EY8Q0HN,2024-07-04 00:00:00,OD Loan Repayment to 232323 - M-PESA Overdraw,COMPLETED,0.0,111.82,4255.17
151,151,IO6WYGMULT,2024-06-06 00:00:00,OverDraft of Credit Party,COMPLETED,1831.64,0.0,6086.81
152,152,ICHOLJU2JN,2023-01-28 00:00:00,OverDraft of Credit Party,COMPLETED,1831.64,0.0,6086.81
153,153,CPU4GSZWW3,2023-08-14 00:00:00,OverDraft of Credit Party,COMPLETED,1831.64,0.0,6086.81
154,154,BVAHE6Y1HX,2023-06-14 00:00:00,Customer Transfer to - 2546*******848 Darth Vader,COMPLETED,0.0,606.33,5480.48
155,155,854U1E0V9O,2023-07-11 00:00:00,OverDraft of Credit Party,COMPLETED,73.55,0.0,5554.03
156,156,XX9YV6DK88,2023-06-12 00:00:00,OverDraft of Credit Party,COMPLETED,73.55,0.0,5554.03
157,157,PABDOJLEF7,2024-09-12 00:00:00,OverDraft of Credit Party,COMPLETED,73.55,0.0,5554.03
158,158,GPWIQNHZTE,2023-06-16 00:00:00,OD Loan Repayment to 232323 - M-PESA Overdraw,COMPLETED,0.0,1499.55,4054.48
159,159,YOUWK4OKOE,2023-07-18 00:00:00,Customer Withdrawal At Agent Till 7978084 - Windsor Road Supplies Agg Agg,COMPLETED,0.0,3673.92,380.56
160,160,DT32FZD4CR,2024-10-13 00:00:00,Funds received from - 2543*******655 Simba Nala,COMPLETED,192.38,0.0,572.94
161,161,004R03IQWA,2023-02-28 00:00:00,Funds received from - 2543*******655 Simba Nala,COMPLETED,192.38,0.0,572.94
162,162,ENYV57INEF,2023-03-19 00:00:00,Funds received from - 2540*******726 Elsa Anna,COMPLETED,1078.84,0.0,1651.78
163,163,N6E9OGOUK4,2024-07-08 00:00:00,Customer Transfer to - 2548*******120 Mickey Mouse,COMPLETED,0.0,635.6,1016.18
164,164,V70LBMLV2F,2023-12-27 00:00:00,Customer Transfer to - 2548*******120 Mickey Mouse,COMPLETED,0.0,635.6,1016.18
165,165,HFTVV8YFMC,2024-05-23 00:00:00,OverDraft of Credit Party,COMPLETED,1384.92,0.0,2401.1
166,166,R4V133OXIU,2024-07-26 00:00:00,OverDraft of Credit Party,COMPLETED,1384.92,0.0,2401.1
167,167,W17OB1QUYO,2024-12-18 00:00:00,OverDraft of Credit Party,COMPLETED,131.14,0.0,2532.24
168,168,XU1YCUDASZ,2023-03-17 00:00:00,Customer Transfer to - 2549*******457 Elsa Anna,COMPLETED,0.0,432.32,2099.92
169,169,9IOVHO8H3Q,2024-10-17 00:00:00,Customer Transfer to - 2549*******457 Elsa Anna,COMPLETED,0.0,432.32,2099.92
170,170,07LEBPZYPA,2023-02-15 00:00:00,Customer Transfer to - 2549*******942 Courage TheCowardly Dog,COMPLETED,0.0,976.28,1123.64
171,171,MW0WYQ6KWV,2024-05-04 00:00:00,Customer Transfer to - 2549*******942 Courage TheCowardly Dog,COMPLETED,0.0,976.28,1123.64
172,172,I9VC94JHY6,2024-01-01 00:00:00,Customer Transfer to - 2549*******942 Courage TheCowardly Dog,COMPLETED,0.0,976.28,1123.64
173,173,C1G6WBTO1K,2023-05-10 00:00:00,OverDraft of Credit Party,COMPLETED,1148.81,0.0,2272.45
174,174,VNS40OCNPF,2024-10-16 00:00:00,OverDraft of Credit Party,COMPLETED,1148.81,0.0,2272.45
175,175,WZ4QIVZMAG,2023-10-02 00:00:00,Pay Bill Online to The Leaky Cauldron Acc. 8924754,COMPLETED,0.0,1112.08,1160.37
176,176,3DXGX710R2,2023-10-05 00:00:00,Merchant Payment to 2402915 - Gloryline Essentials,COMPLETED,0.0,1262.02,-101.65
177,177,PMMDTGRFOB,2023-10-14 00:00:00,OD Loan Repayment to 232323 - M-PESA Overdraw,COMPLETED,0.0,720.83,-822.48
178,178,WQSWTV17UT,2023-05-16 00:00:00,OD Loan Repayment to 232323 - M-PESA Overdraw,COMPLETED,0.0,720.83,-822.48
179,179,IYKK5SMJBK,2023-04-24 00:00:00,Customer Transfer to - 2542*******963 Courage TheCowardly Dog,COMPLETED,0.0,159.53,-982.01
180,180,0O0UZXTNO0,2024-09-15 00:00:00,Funds received from - 2541*******143 Woody Buzz,COMPLETED,1047.15,0.0,65.14
181,181,ZHHA2I697L,2023-09-14 00:00:00,Funds received from - 2541*******143 Woody Buzz,COMPLETED,1047.15,0.0,65.14
182,182,NF58N89FA2,2023-11-07 00:00:00,OverDraft of Credit Party,COMPLETED,784.37,0.0,849.51
183,183,UV5NEGG22N,2023-06-21 00:00:00,OverDraft of Credit Party,COMPLETED,784.37,0.0,849.51
184,184,TMWRCMTX3X,2023-05-23 00:00:00,Deposit of Funds at Agent Till 59660 - Cheers Bar,COMPLETED,3818.92,0.0,4668.43
185,185,JUN1ARVWC0,2024-04-30 00:00:00,Pay Bill Online to The Krusty Krab Acc. 9442795,COMPLETED,0.0,1783.06,2885.37
186,186,3ZYRMV45QX,2024-01-07 00:00:00,Merchant Payment to 4590346 - Bluths Frozen Banana Stand,COMPLETED,0.0,1098.21,1787.16
187,187,TITY1YY8QR,2024-08-02 00:00:00,Deposit of Funds at Agent Till 05788 - Jumia,COMPLETED,2077.37,0.0,3864.53
188,188,H8QCKTUFZK,2024-06-18 00:00:00,Deposit of Funds at Agent Till 05788 - Jumia,COMPLETED,2077.37,0.0,3864.53
189,189,PSGS2PYBQI,2023-08-21 00:00:00,Funds received from - 2545*******386 Elsa Anna,COMPLETED,1905.82,0.0,5770.35
190,190,BT80EKDZ74,2024-09-22 00:00:00,OverDraft of Credit Party,COMPLETED,770.08,0.0,6540.43
191,191,CDGQJ54J20,2023-06-22 00:00:00,Deposit of Funds at Agent Till 76715 - Highridge Variety Store,COMPLETED,2621.01,0.0,9161.44
192,192,LXDTRE7GV3,2023-07-30 00:00:00,Deposit of Funds at Agent Till 76715 - Highridge Variety Store,COMPLETED,2621.01,0.0,9161.44
193,193,NWSX6EWR8J,2024-09-11 00:00:00,Customer Transfer to - 2540*******225 Simba Nala,COMPLETED,0.0,241.19,8920.25
194,194,PBTZCX2LKC,2023-10-24 00:00:00,Customer Transfer to - 2540*******225 Simba Nala,COMPLETED,0.0,241.19,8920.25
195,195,9INZM51KN2,2024-08-01 00:00:00,Merchant Payment to 8309073 - KipTech Agro Hardware,COMPLETED,0.0,1207.85,7712.4
196,196,OGP48JWWG7,2024-07-17 00:00:00,Pay Bill Online to Kwik E-Mart Acc. 8938164,COMPLETED,0.0,1059.21,6653.19
197,197,4KBUUASJZO,2024-02-16 00:00:00,OD Loan Repayment to 232323 - M-PESA Overdraw,COMPLETED,0.0,2021.81,4631.38
198,198,NKPBSCJI5N,2024-06-02 00:00:00,Funds received from - 2546*******910 Homer Simpson,COMPLETED,1677.72,0.0,6309.1
199,199,L85875OY7M,2024-06-05 00:00:00,Customer Transfer to - 2543*******898 Woody Buzz,COMPLETED,0.0,402.55,5906.55
200,200,APWGUFCZFG,2023-02-01 00:00:00,Funds received from - 2545*******537 Homer Simpson,COMPLETED,1856.41,0.0,7762.96
201,201,M7JM6CTV8V,2024-01-24 00:00:00,Funds received from - 2545*******537 Homer Simpson,COMPLETED,1856.41,0.0,7762.96
202,202,HDVZZCJL0Z,2024-06-13 00:00:00,OD Loan Repayment to 232323 - M-PESA Overdraw,COMPLETED,0.0,2864.29,4898.67
203,203,NTPMCFF5N2,2023-05-10 00:00:00,Customer Withdrawal At Agent Till 1160381 - Skyview Corner Shop Agg Agg,COMPLETED,0.0,780.36,4118.31
204,204,IGA46GHDHK,2023-03-13 00:00:00,OD Loan Repayment to 232323 - M-PESA Overdraw,COMPLETED,0.0,1027.57,3090.74
205,205,U9URAJIQ5Y,2024-12-19 00:00:00,Deposit of Funds at Agent Till 57921 - KFC,COMPLETED,2186.35,0.0,5277.09
206,206,3ML0J1K45Q,2023-01-12 00:00:00,Deposit of Funds at Agent Till 30757 - KFC,COMPLETED,3576.34,0.0,8853.43
207,207,0JFDDJVDCT,2023-09-17 00:00:00,Customer Withdrawal At Agent Till 1638499 - Skyview Corner Shop Agg Agg,COMPLETED,0.0,2419.98,6433.45
208,208,CZ2LXS6Y0A,2023-06-07 00:00:00,Customer Withdrawal At Agent Till 1638499 - Skyview Corner Shop Agg Agg,COMPLETED,0.0,2419.98,6433.45
209,209,3ND6S6ROZG,2023-10-11 00:00:00,Customer Transfer to - 2542*******108 Shrek Fiona,COMPLETED,0.0,680.61,5752.84
210,210,N5GFRW6X2D,2024-09-26 00:00:00,Funds received from - 2547*******289 Bruce Wayne,COMPLETED,1942.49,0.0,7695.33
211,211,91KQQ5IG3K,2023-10-30 00:00:00,OD Loan Repayment to 232323 - M-PESA Overdraw,COMPLETED,0.0,218.79,7476.54
212,212,9Z1TE2X8VS,2024-06-26 00:00:00,OD Loan Repayment to 232323 - M-PESA Overdraw,COMPLETED,0.0,218.79,7476.54
213,213,O3NGI6YHP4,2024-05-21 00:00:00,OverDraft of Credit Party,COMPLETED,2644.97,0.0,10121.51
214,214,NB6A3AS8UF,2023-05-06 00:00:00,OverDraft of Credit Party,COMPLETED,2644.97,0.0,10121.51
215,215,A418GO2Z0U,2024-10-08 00:00:00,Merchant Payment to 6786985 - Twin Hills Wholesale,COMPLETED,0.0,1064.02,9057.49
216,216,H6VMIL7NP0,2023-07-03 00:00:00,OverDraft of Credit Party,COMPLETED,768.21,0.0,9825.7
217,217,I00HCV651C,2023-08-28 00:00:00,OverDraft of Credit Party,COMPLETED,768.21,0.0,9825.7
218,218,OTQ9IYDX9F,2023-09-26 00:00:00,OverDraft of Credit Party,COMPLETED,768.21,0.0,9825.7
219,219,GHEG4TSFS3,2023-09-01 00:00:00,Customer Withdrawal At Agent Till 6953028 - Zion City Electronics Agg Agg,COMPLETED,0.0,3057.6,6768.1
220,220,ZE2MPOUFDF,2023-09-07 00:00:00,Customer Withdrawal At Agent Till 6953028 - Zion City Electronics Agg Agg,COMPLETED,0.0,3057.6,6768.1
221,221,I210W7LYMX,2024-10-26 00:00:00,OverDraft of Credit Party,COMPLETED,732.35,0.0,7500.45
222,222,51CIUNVBZB,2023-08-13 00:00:00,Customer Withdrawal At Agent Till 4123172 - Sunland Stationery Gifts Agg Agg,COMPLETED,0.0,2792.74,4707.71
223,223,NWFTM6LXEW,2023-03-06 00:00:00,Customer Withdrawal At Agent Till 4123172 - Sunland Stationery Gifts Agg Agg,COMPLETED,0.0,2792.74,4707.71
224,224,GXTWOKAW4G,2024-03-15 00:00:00,OverDraft of Credit Party,COMPLETED,2589.1,0.0,7296.81
225,225,2917AGJ99T,2024-12-04 00:00:00,OverDraft of Credit Party,COMPLETED,2589.1,0.0,7296.81
226,226,4BABWZYJ0Z,2024-09-24 00:00:00,Customer Withdrawal At Agent Till 3198028 - Skyview Corner Shop Agg Agg,COMPLETED,0.0,1175.25,6121.56
227,227,5PK47NQ800,2024-10-21 00:00:00,Customer Withdrawal At Agent Till 3198028 - Skyview Corner Shop Agg Agg,COMPLETED,0.0,1175.25,6121.56
228,228,YO497WEDEQ,2023-05-05 00:00:00,Merchant Payment to 1688082 - Jumia,COMPLETED,0.0,1377.96,4743.6
229,229,0ARTJ59FH5,2024-12-15 00:00:00,Merchant Payment to 1688082 - Jumia,COMPLETED,0.0,1377.96,4743.6
230,230,ZCBLLWBEA5,2023-02-04 00:00:00,Deposit of Funds at Agent Till 62887 - Quick Mart,COMPLETED,1195.69,0.0,5939.29
231,231,GDLUWB0CMN,2023-09-05 00:00:00,Funds received from - 2545*******262 Bruce Wayne,COMPLETED,1406.75,0.0,7346.04
232,232,IHWNJCJXSJ,2023-07-16 00:00:00,OverDraft of Credit Party,COMPLETED,758.03,0.0,8104.07
233,233,3L2C8A55JI,2023-06-11 00:00:00,Deposit of Funds at Agent Till 67488 - Joes Garage,COMPLETED,106.81,0.0,8210.88
234,234,1F47JK2I7U,2024-01-19 00:00:00,Pay Bill Online to Monks Cafe Acc. 6660729,COMPLETED,0.0,810.82,7400.06
235,235,B04D0KWIHI,2024-04-17 00:00:00,Pay Bill Online to The Magic Box Acc. 4434136,COMPLETED,0.0,1497.99,5902.07
236,236,V5RP4B1EJU,2024-01-11 00:00:00,Pay Bill Online to Safaricom Acc. 1628359,COMPLETED,0.0,64.11,5837.96
237,237,WTXOY46PA7,2023-07-16 00:00:00,Pay Bill Online to Safaricom Acc. 1628359,COMPLETED,0.0,64.11,5837.96
238,238,KSM03P4MES,2023-06-22 00:00:00,OverDraft of Credit Party,COMPLETED,1725.58,0.0,7563.54
239,239,WW6DLLELR8,2024-07-31 00:00:00,OD Loan Repayment to 232323 - M-PESA Overdraw,COMPLETED,0.0,793.8,6769.74
240,240,0YNRTP01A9,2024-05-14 00:00:00,OverDraft of Credit Party,COMPLETED,574.61,0.0,7344.35
241,241,HJHFZO1FUR,2023-10-30 00:00:00,Customer Withdrawal At Agent Till 7921777 - Zion City Electronics Agg Agg,COMPLETED,0.0,3940.33,3404.02
242,242,G8GW5ZT46N,2023-10-20 00:00:00,OD Loan Repayment to 232323 - M-PESA Overdraw,COMPLETED,0.0,676.02,2728.0
243,243,MUTFQTOB8D,2024-01-16 00:00:00,OverDraft of Credit Party,COMPLETED,746.74,0.0,3474.74
244,244,6IYIYOUWKV,2023-12-21 00:00:00,OverDraft of Credit Party,COMPLETED,746.74,0.0,3474.74
245,245,EKICCRSHJB,2024-01-07 00:00:00,OverDraft of Credit Party,COMPLETED,746.74,0.0,3474.74
246,246,7OOYM0WQKI,2023-10-27 00:00:00,Pay Bill Online to KPLC Acc. 8021374,COMPLETED,0.0,1924.99,1549.75
247,247,05GI2NCZ2V,2024-07-09 00:00:00,Pay Bill Online to KPLC Acc. 8021374,COMPLETED,0.0,1924.99,1549.75
248,248,Q54AMAWNE1,2023-05-31 00:00:00,Pay Bill Online to KPLC Acc. 8021374,COMPLETED,0.0,1924.99,1549.75
249,249,HWU6WYUFJ1,2023-10-24 00:00:00,Pay Bill Online to KPLC Acc. 8021374,COMPLETED,0.0,1924.99,1549.75
250,250,C5RRLV53FI,2024-03-03 00:00:00,Pay Bill Online to KPLC Acc. 8021374,COMPLETED,0.0,1924.99,1549.75
251,251,NCQYZW4GGI,2023-03-09 00:00:00,OverDraft of Credit Party,COMPLETED,2005.78,0.0,3555.53
252,252,3JZRYYWBKS,2024-05-13 00:00:00,OverDraft of Credit Party,COMPLETED,2005.78,0.0,3555.53
253,253,3A99BU0JD1,2023-01-31 00:00:00,OverDraft of Credit Party,COMPLETED,1018.98,0.0,4574.51
254,254,A9YTDF2MIX,2023-09-14 00:00:00,Deposit of Funds at Agent Till 22106 - The Coffee Shop,COMPLETED,579.88,0.0,5154.39
255,255,BAJ4TNMBB3,2024-08-08 00:00:00,Deposit of Funds at Agent Till 25994 - Cheers Bar,COMPLETED,661.97,0.0,5816.36
256,256,MWSOK3JW1S,2024-08-05 00:00:00,OD Loan Repayment to 232323 - M-PESA Overdraw,COMPLETED,0.0,2877.21,2939.15
257,257,AZJKRYZTZ2,2023-09-12 00:00:00,Customer Transfer to - 2548*******357 Mickey Mouse,COMPLETED,0.0,258.35,2680.8
258,258,73FHI538DI,2024-04-14 00:00:00,Pay Bill Online to Equity Bank Acc. 9765460,COMPLETED,0.0,1202.8,1478.0
259,259,HAJNV8QPTJ,2023-08-02 00:00:00,Funds received from - 2547*******700 Darth Vader,COMPLETED,1810.23,0.0,3288.23
260,260,U878XPJRUU,2023-10-16 00:00:00,Merchant Payment to 5005374 - ValleyMart General Supplies,COMPLETED,0.0,285.25,3002.98
261,261,AGIQYNMWTJ,2023-09-19 00:00:00,Merchant Payment to 8473393 - Highridge Variety Store,COMPLETED,0.0,261.1,2741.88
262,262,5RQPH7IQ1K,2023-06-03 00:00:00,OverDraft of Credit Party,COMPLETED,546.91,0.0,3288.79
263,263,BEYTSFEN3M,2024-01-26 00:00:00,Pay Bill Online to KPLC Acc. 7414638,COMPLETED,0.0,1094.01,2194.78
264,264,0KMQ6AJM68,2023-07-21 00:00:00,Pay Bill Online to KPLC Acc. 7414638,COMPLETED,0.0,1094.01,2194.78
265,265,CD6GRM5Y3C,2024-02-22 00:00:00,Deposit of Funds at Agent Till 84793 - The Gilded Truffle,COMPLETED,3091.05,0.0,5285.83
266,266,TKR7UAKBV2,2024-12-09 00:00:00,Deposit of Funds at Agent Till 84793 - The Gilded Truffle,COMPLETED,3091.05,0.0,5285.83
267,267,2P6VSYHF71,2023-02-04 00:00:00,OverDraft of Credit Party,COMPLETED,1059.53,0.0,6345.36
268,268,MPA69L7HQ6,2024-06-11 00:00:00,Pay Bill Online to KPLC Acc. 7626768,COMPLETED,0.0,423.05,5922.31
269,269,7BU9LQZX72,2024-06-21 00:00:00,Pay Bill Online to KPLC Acc. 7626768,COMPLETED,0.0,423.05,5922.31
270,270,GODFVL4D0V,2023-03-10 00:00:00,Pay Bill Online to KPLC Acc. 7626768,COMPLETED,0.0,423.05,5922.31
271,271,ZXVCVFJKCS,2024-11-21 00:00:00,Customer Withdrawal At Agent Till 4914485 - Upendo Agrovet Ltd Agg Agg,COMPLETED,0.0,3876.22,2046.09
272,272,ODRVWSZLA1,2023-02-18 00:00:00,Deposit of Funds at Agent Till 02473 - Naivas,COMPLETED,4574.51,0.0,6620.6
273,273,CR4HXH4YYX,2023-03-19 00:00:00,Pay Bill Online to Monks Cafe Acc. 4741130,COMPLETED,0.0,1071.64,5548.96
274,274,IVCGAAXM3S,2024-03-25 00:00:00,Funds received from - 2548*******802 Mr. McQuinn,COMPLETED,1943.4,0.0,7492.36
275,275,EZD5W6P67J,2023-04-21 00:00:00,Customer Withdrawal At Agent Till 2370932 - Silverline Furnishings Agg Agg,COMPLETED,0.0,2493.83,4998.53
276,276,SYDP3SV8YO,2023-08-26 00:00:00,Customer Withdrawal At Agent Till 2370932 - Silverline Furnishings Agg Agg,COMPLETED,0.0,2493.83,4998.53
277,277,363I3HFO1D,2023-03-04 00:00:00,Funds received from - 2549*******678 Shrek Fiona,COMPLETED,1250.92,0.0,6249.45
278,278,Y1ZXSE53MV,2024-05-27 00:00:00,Pay Bill Online to Weasleys Wizard Wheezes Acc. 7852311,COMPLETED,0.0,1667.34,4582.11
279,279,FDUW80F9EK,2023-11-26 00:00:00,Merchant Payment to 3412237 - Netflix,COMPLETED,0.0,846.22,3735.89
280,280,K2O4WBICE0,2023-09-19 00:00:00,Merchant Payment to 3412237 - Netflix,COMPLETED,0.0,846.22,3735.89
281,281,S2QTT2A7W9,2023-03-29 00:00:00,Merchant Payment to 3412237 - Netflix,COMPLETED,0.0,846.22,3735.89
282,282,7SP5V4SMX5,2024-08-28 00:00:00,Merchant Payment to 3412237 - Netflix,COMPLETED,0.0,846.22,3735.89
283,283,QDBCG5BZ8Y,2024-08-27 00:00:00,Pay Bill Online to Moes Tavern Acc. 3095702,COMPLETED,0.0,188.13,3547.76
284,284,MDENX0A145,2024-11-07 00:00:00,Pay Bill Online to Moes Tavern Acc. 3095702,COMPLETED,0.0,188.13,3547.76
285,285,U6H3T6DH6W,2024-08-11 00:00:00,OverDraft of Credit Party,COMPLETED,1033.06,0.0,4580.82
286,286,TK5LUSNKOB,2024-02-10 00:00:00,Customer Withdrawal At Agent Till 9840773 - Cornerstone Distributors Agg Agg,COMPLETED,0.0,3362.28,1218.54
287,287,RPV1ASO60J,2023-11-19 00:00:00,Customer Withdrawal At Agent Till 3587690 - Chebara Junction Traders Agg Agg,COMPLETED,0.0,3425.48,-2206.94
288,288,T3R9XOZA80,2023-04-16 00:00:00,OverDraft of Credit Party,COMPLETED,2745.53,0.0,538.59
289,289,SUMYR0Q155,2023-11-05 00:00:00,OverDraft of Credit Party,COMPLETED,253.11,0.0,791.7
290,290,MJAB3J5FZE,2023-09-18 00:00:00,Funds received from - 2540*******903 Simba Nala,COMPLETED,232.91,0.0,1024.61
291,291,WQRIREHBFP,2023-09-14 00:00:00,Deposit of Funds at Agent Till 84390 - Highridge Variety Store,COMPLETED,3437.06,0.0,4461.67
292,292,24G7V0XOPZ,2023-01-25 00:00:00,Customer Transfer to - 2543*******365 Homer Simpson,COMPLETED,0.0,72.7,4388.97
293,293,7D8A7GS8CU,2023-01-28 00:00:00,Customer Transfer to - 2543*******365 Homer Simpson,COMPLETED,0.0,72.7,4388.97
294,294,GVI9BMQW6T,2024-11-20 00:00:00,Funds received from - 2541*******455 Courage TheCowardly Dog,COMPLETED,704.15,0.0,5093.12
295,295,76GR3MHVAN,2024-06-30 00:00:00,Funds received from - 2541*******455 Courage TheCowardly Dog,COMPLETED,704.15,0.0,5093.12
296,296,UWNBUJVM1E,2024-04-19 00:00:00,Pay Bill Online to The Leaky Cauldron Acc. 4528963,COMPLETED,0.0,468.52,4624.6
297,297,6L43QZ48HA,2024-03-14 00:00:00,Funds received from - 2548*******964 Mr. McQuinn,COMPLETED,1137.08,0.0,5761.68
298,298,F24N6CAEF2,2023-03-09 00:00:00,Merchant Payment to 3943541 - Hillview Gen Traders,COMPLETED,0.0,750.84,5010.84
299,299,RUBP95RQG3,2024-09-26 00:00:00,Funds received from - 2548*******222 Elsa Anna,COMPLETED,856.4,0.0,5867.24
300,300,7BHQ86330C,2024-10-13 00:00:00,Customer Transfer to - 2549*******766 Clark Kent,COMPLETED,0.0,301.14,5566.1
301,301,FGICCCZ410,2024-09-30 00:00:00,Merchant Payment to 9986646 - Quick Mart,COMPLETED,0.0,1033.18,4532.92
302,302,WZRZM4OJY2,2023-06-17 00:00:00,OD Loan Repayment to 232323 - M-PESA Overdraw,COMPLETED,0.0,847.85,3685.07
303,303,LLBNU6BDWA,2023-07-12 00:00:00,OverDraft of Credit Party,COMPLETED,2810.76,0.0,6495.83
304,304,75L8ZGUTW9,2023-01-10 00:00:00,Merchant Payment to 2655853 - Bluths Frozen Banana Stand,COMPLETED,0.0,1440.08,5055.75
305,305,WGIZNW00P4,2023-05-26 00:00:00,OD Loan Repayment to 232323 - M-PESA Overdraw,COMPLETED,0.0,2343.03,2712.72
306,306,HIGRFLM2IY,2024-08-06 00:00:00,OverDraft of Credit Party,COMPLETED,2674.05,0.0,5386.77
307,307,XDUJ7Z16PP,2024-07-06 00:00:00,OverDraft of Credit Party,COMPLETED,2674.05,0.0,5386.77
308,308,NEV3LM63TE,2023-11-15 00:00:00,Customer Withdrawal At Agent Till 1272651 - Skyview Corner Shop Agg Agg,COMPLETED,0.0,958.48,4428.29
309,309,72K3ACE1DP,2024-06-23 00:00:00,Customer Withdrawal At Agent Till 6266506 - Cornerstone Distributors Agg Agg,COMPLETED,0.0,4154.16,274.13
310,310,D5OEVW7UOB,2024-10-23 00:00:00,OverDraft of Credit Party,COMPLETED,2192.96,0.0,2467.09
311,311,G0ROP8D1N0,2023-10-07 00:00:00,Customer Transfer to - 2546*******187 Peter Parker,COMPLETED,0.0,597.59,1869.5
312,312,YM51E9OCNO,2024-08-26 00:00:00,OD Loan Repayment to 232323 - M-PESA Overdraw,COMPLETED,0.0,1295.48,574.02
313,313,W7HRY0VM3A,2023-10-22 00:00:00,Customer Transfer to - 2543*******195 Courage TheCowardly Dog,COMPLETED,0.0,679.84,-105.82
314,314,LNEVTLT7IT,2024-10-20 00:00:00,Funds received from - 2549*******370 Tony Stark,COMPLETED,119.74,0.0,13.92
315,315,GO288JXPSY,2024-07-13 00:00:00,Customer Withdrawal At Agent Till 5097491 - Boma Budget Supplies Agg Agg,COMPLETED,0.0,187.69,-173.77
316,316,UC18ZRSY27,2023-03-14 00:00:00,Merchant Payment to 1690681 - Androids Dungeon,COMPLETED,0.0,1298.03,-1471.8
317,317,ALOC0XT4D6,2023-09-28 00:00:00,OverDraft of Credit Party,COMPLETED,288.73,0.0,-1183.07
318,318,5VZADUZD02,2024-10-10 00:00:00,OverDraft of Credit Party,COMPLETED,2150.02,0.0,966.95
319,319,2TUFD0QS2D,2023-09-13 00:00:00,Customer Withdrawal At Agent Till 3503601 - Zion City Electronics Agg Agg,COMPLETED,0.0,2493.86,-1526.91
320,320,4ZKJYKJ8ZD,2023-10-15 00:00:00,Customer Withdrawal At Agent Till 3503601 - Zion City Electronics Agg Agg,COMPLETED,0.0,2493.86,-1526.91
321,321,NZ8N7KA6XC,2024-04-29 00:00:00,Merchant Payment to 6599910 - ValleyMart General Supplies,COMPLETED,0.0,1339.3,-2866.21
322,322,2KQSALNQ0J,2023-04-04 00:00:00,Funds received from - 2541*******598 Mr. McQuinn,COMPLETED,413.76,0.0,-2452.45
323,323,GDQPM6QQD5,2024-10-17 00:00:00,Deposit of Funds at Agent Till 74591 - KFC,COMPLETED,1191.11,0.0,-1261.34
324,324,SSN1TEC64H,2024-12-02 00:00:00,OD Loan Repayment to 232323 - M-PESA Overdraw,COMPLETED,0.0,906.99,-2168.33
325,325,YBNMQF95TQ,2024-02-17 00:00:00,OD Loan Repayment to 232323 - M-PESA Overdraw,COMPLETED,0.0,906.99,-2168.33
326,326,I2UPEYYUOM,2024-05-05 00:00:00,Merchant Payment to 6649805 - Naivas,COMPLETED,0.0,335.02,-2503.35
327,327,25JY4G5STU,2024-05-15 00:00:00,Merchant Payment to 6649805 - Naivas,COMPLETED,0.0,335.02,-2503.35
328,328,RO11042MY1,2023-09-14 00:00:00,Merchant Payment to 6649805 - Naivas,COMPLETED,0.0,335.02,-2503.35
329,329,RTG484QH5G,2024-12-08 00:00:00,Funds received from - 2540*******356 Simba Nala,COMPLETED,204.69,0.0,-2298.66
330,330,J18SUSCWIS,2023-05-05 00:00:00,Deposit of Funds at Agent Till 65024 - Netflix,COMPLETED,570.11,0.0,-1728.55
331,331,5RVFVK1PYU,2024-12-02 00:00:00,Customer Withdrawal At Agent Till 7458059 - Hopewell General Stores Agg Agg,COMPLETED,0.0,2642.4,-4370.95
332,332,E3UX66X36E,2024-11-21 00:00:00,OverDraft of Credit Party,COMPLETED,1819.59,0.0,-2551.36
333,333,7P44J6K227,2023-04-11 00:00:00,OverDraft of Credit Party,COMPLETED,1819.59,0.0,-2551.36
334,334,J1V5Q9R7I1,2023-08-21 00:00:00,Merchant Payment to 7645354 - KFC,COMPLETED,0.0,274.08,-2825.44
335,335,J07WNXWZ0L,2023-03-19 00:00:00,OD Loan Repayment to 232323 - M-PESA Overdraw,COMPLETED,0.0,2831.77,-5657.21
336,336,M4RVAMZEW9,2023-04-01 00:00:00,Funds received from - 2548*******446 Peter Parker,COMPLETED,123.9,0.0,-5533.31
337,337,02LI7EHT48,2024-01-28 00:00:00,Customer Withdrawal At Agent Till 9541685 - Skyview Corner Shop Agg Agg,COMPLETED,0.0,2935.69,-8469.0
338,338,0HQBGNIZDW,2023-11-03 00:00:00,Deposit of Funds at Agent Till 44066 - Karva Barbers,COMPLETED,436.37,0.0,-8032.63
339,339,LTT3PAHZN8,2024-02-02 00:00:00,Funds received from - 2542*******298 Shrek Fiona,COMPLETED,141.22,0.0,-7891.41
340,340,ZDS4SI2QV2,2024-06-18 00:00:00,Funds received from - 2542*******298 Shrek Fiona,COMPLETED,141.22,0.0,-7891.41
341,341,F701SID3QZ,2024-01-30 00:00:00,Funds received from - 2542*******298 Shrek Fiona,COMPLETED,141.22,0.0,-7891.41
342,342,TERJVHTIBL,2024-10-27 00:00:00,Funds received from - 2549*******567 Clark Kent,COMPLETED,721.4,0.0,-7170.01
343,343,IOQREXD5A6,2023-02-07 00:00:00,Pay Bill Online to Equity Bank Acc. 2729365,COMPLETED,0.0,1804.87,-8974.88
344,344,IEEXWEQI6X,2024-04-04 00:00:00,Customer Transfer to - 2546*******109 Homer Simpson,COMPLETED,0.0,68.69,-9043.57
345,345,2PW747CWIV,2023-10-21 00:00:00,OverDraft of Credit Party,COMPLETED,82.72,0.0,-8960.85
346,346,91XIHKKLPO,2023-07-09 00:00:00,Merchant Payment to 3859543 - The Gilded Truffle,COMPLETED,0.0,1461.72,-10422.57
347,347,UCD3UMDDGM,2024-11-26 00:00:00,Funds received from - 2547*******817 Courage TheCowardly Dog,COMPLETED,169.28,0.0,-10253.29
348,348,GL5Q14ZD2K,2024-05-14 00:00:00,Customer Withdrawal At Agent Till 6111759 - Silverline Furnishings Agg Agg,COMPLETED,0.0,2826.66,-13079.95
349,349,2EZSQNYGD4,2024-09-22 00:00:00,Customer Withdrawal At Agent Till 6111759 - Silverline Furnishings Agg Agg,COMPLETED,0.0,2826.66,-13079.95
350,350,ZRLMJUOX76,2024-04-10 00:00:00,Customer Withdrawal At Agent Till 6111759 - Silverline Furnishings Agg Agg,COMPLETED,0.0,2826.66,-13079.95
351,351,SPD3ZZ4Y33,2024-04-06 00:00:00,Pay Bill Online to Weasleys Wizard Wheezes Acc. 8519160,COMPLETED,0.0,373.03,-13452.98
352,352,VYQE3XELTW,2024-03-18 00:00:00,Pay Bill Online to Equity Bank Acc. 1198358,COMPLETED,0.0,1631.27,-15084.25
353,353,TCO0UA9LEZ,2024-01-21 00:00:00,Pay Bill Online to Monks Cafe Acc. 7222232,COMPLETED,0.0,720.56,-15804.81
354,354,O8D97M9K83,2023-03-05 00:00:00,Customer Transfer to - 2543*******414 Clark Kent,COMPLETED,0.0,612.65,-16417.46
355,355,T6V0OWTIUD,2023-10-09 00:00:00,OverDraft of Credit Party,COMPLETED,2840.85,0.0,-13576.61
356,356,M7K8U58B3W,2023-04-26 00:00:00,Customer Transfer to - 2543*******799 Mickey Mouse,COMPLETED,0.0,925.58,-14502.19
357,357,E7F0QH54F0,2024-08-18 00:00:00,Merchant Payment to 3436151 - ValleyMart General Supplies,COMPLETED,0.0,263.35,-14765.54
358,358,04MTY5WK7F,2023-12-16 00:00:00,Merchant Payment to 3436151 - ValleyMart General Supplies,COMPLETED,0.0,263.35,-14765.54
359,359,225RUKW3M3,2024-01-22 00:00:00,Pay Bill Online to The Krusty Krab Acc. 4834026,COMPLETED,0.0,444.01,-15209.55
360,360,5CIK73S646,2024-05-19 00:00:00,Pay Bill Online to The Krusty Krab Acc. 4834026,COMPLETED,0.0,444.01,-15209.55
361,361,A8832ADIJC,2023-10-13 00:00:00,Pay Bill Online to KPLC Acc. 7427692,COMPLETED,0.0,1553.33,-16762.88
362,362,KWJA0A4ABJ,2023-06-15 00:00:00,Pay Bill Online to KPLC Acc. 7427692,COMPLETED,0.0,1553.33,-16762.88
363,363,7FC8ZN7PFV,2024-03-25 00:00:00,OD Loan Repayment to 232323 - M-PESA Overdraw,COMPLETED,0.0,1219.84,-17982.72
364,364,NKK752S8MH,2024-12-04 00:00:00,Pay Bill Online to Tingg Acc. 6408107,COMPLETED,0.0,1083.7,-19066.42
365,365,JJ8DSGESUX,2024-08-18 00:00:00,Pay Bill Online to Tingg Acc. 6408107,COMPLETED,0.0,1083.7,-19066.42
366,366,TJ8K6YZFRY,2023-05-07 00:00:00,OD Loan Repayment to 232323 - M-PESA Overdraw,COMPLETED,0.0,2756.71,-21823.13
367,367,I2B44CZCHA,2024-03-17 00:00:00,OD Loan Repayment to 232323 - M-PESA Overdraw,COMPLETED,0.0,2237.47,-24060.6
368,368,77V6R0R3OY,2023-05-01 00:00:00,Customer Withdrawal At Agent Till 4225287 - Boma Budget Supplies Agg Agg,COMPLETED,0.0,1079.62,-25140.22
369,369,W25AJT7U27,2023-08-02 00:00:00,OD Loan Repayment to 232323 - M-PESA Overdraw,COMPLETED,0.0,312.03,-25452.25
370,370,41TAL7GOFO,2023-10-18 00:00:00,Customer Withdrawal At Agent Till 2125111 - Rift View Shop Agg Agg,COMPLETED,0.0,661.71,-26113.96
371,371,Q5JDGMCI2O,2024-01-15 00:00:00,Customer Withdrawal At Agent Till 2125111 - Rift View Shop Agg Agg,COMPLETED,0.0,661.71,-26113.96
372,372,QPFMLXFCE5,2023-06-28 00:00:00,Funds received from - 2545*******528 Simba Nala,COMPLETED,415.21,0.0,-25698.75
373,373,AKM9PTASPT,2023-08-01 00:00:00,Funds received from - 2545*******528 Simba Nala,COMPLETED,415.21,0.0,-25698.75
374,374,76L36WKX34,2024-03-07 00:00:00,OD Loan Repayment to 232323 - M-PESA Overdraw,COMPLETED,0.0,1319.7,-27018.45
375,375,U6G3Y6FFA8,2023-02-21 00:00:00,Merchant Payment to 6369306 - ValleyMart General Supplies,COMPLETED,0.0,697.71,-27716.16
376,376,HEA8KAQ88J,2023-05-30 00:00:00,Customer Transfer to - 2541*******950 Homer Simpson,COMPLETED,0.0,55.54,-27771.7
377,377,U1OEYFUGKA,2023-09-15 00:00:00,Customer Transfer to - 2541*******950 Homer Simpson,COMPLETED,0.0,55.54,-27771.7
378,378,R7EVXNGMTQ,2024-02-04 00:00:00,Deposit of Funds at Agent Till 67676 - Karva Barbers,COMPLETED,200.59,0.0,-27571.11
379,379,UHYJ0VCT1Z,2023-07-12 00:00:00,Funds received from - 2544*******115 Yoda Master,COMPLETED,754.85,0.0,-26816.26
380,380,7A9VCLEZJV,2024-06-02 00:00:00,OD Loan Repayment to 232323 - M-PESA Overdraw,COMPLETED,0.0,2051.87,-28868.13
381,381,MYO67JMVAX,2024-09-26 00:00:00,Pay Bill Online to Co-op Bank Acc. 3303769,COMPLETED,0.0,907.96,-29776.09
382,382,F9FXOXWZQT,2024-05-12 00:00:00,Pay Bill Online to Co-op Bank Acc. 3303769,COMPLETED,0.0,907.96,-29776.09
383,383,D6QKRDI5KG,2023-08-26 00:00:00,Funds received from - 2549*******585 Shrek Fiona,COMPLETED,386.61,0.0,-29389.48
384,384,52RWOI11G7,2024-04-24 00:00:00,Funds received from - 2549*******585 Shrek Fiona,COMPLETED,386.61,0.0,-29389.48
385,385,3ZD8RH2CV5,2024-08-27 00:00:00,Customer Transfer to - 2548*******926 Mickey Mouse,COMPLETED,0.0,198.77,-29588.25
386,386,HHSDMO64VY,2023-12-14 00:00:00,Customer Transfer to - 2545*******271 Woody Buzz,COMPLETED,0.0,91.38,-29679.63
387,387,828YIYZ2K1,2023-05-11 00:00:00,OverDraft of Credit Party,COMPLETED,2204.28,0.0,-27475.35
388,388,83UP5VCL2P,2023-02-21 00:00:00,Deposit of Funds at Agent Till 85628 - Quick Mart,COMPLETED,467.18,0.0,-27008.17
389,389,03VEFTAWRC,2024-08-23 00:00:00,OverDraft of Credit Party,COMPLETED,1235.66,0.0,-25772.51
390,390,LN766PGH1S,2023-11-23 00:00:00,Customer Withdrawal At Agent Till 2940932 - New Light Traders Agg Agg,COMPLETED,0.0,177.74,-25950.25
391,391,62SKTVQYSB,2024-04-06 00:00:00,Customer Withdrawal At Agent Till 3685178 - Silverline Furnishings Agg Agg,COMPLETED,0.0,1749.44,-27699.69
392,392,Y4I5HC30KX,2023-07-31 00:00:00,Funds received from - 2545*******860 Darth Vader,COMPLETED,167.62,0.0,-27532.07
393,393,NSOKLD10DM,2024-02-18 00:00:00,OverDraft of Credit Party,COMPLETED,2746.37,0.0,-24785.7
394,394,QKNZOHALRM,2024-02-19 00:00:00,OverDraft of Credit Party,COMPLETED,2746.37,0.0,-24785.7
395,395,FN6J6KKW4D,2023-10-29 00:00:00,OverDraft of Credit Party,COMPLETED,2746.37,0.0,-24785.7
396,396,NPOPWBYTBR,2024-02-06 00:00:00,OverDraft of Credit Party,COMPLETED,2746.37,0.0,-24785.7
397,397,DFGXAYBC2U,2023-02-11 00:00:00,OverDraft of Credit Party,COMPLETED,2746.37,0.0,-24785.7
398,398,UIQGKJMH8N,2023-12-01 00:00:00,OverDraft of Credit Party,COMPLETED,2746.37,0.0,-24785.7
399,399,QU0VNDSN2F,2024-09-04 00:00:00,Customer Withdrawal At Agent Till 4942697 - Boma Budget Supplies Agg Agg,COMPLETED,0.0,4673.41,-29459.11
400,400,7TCGLLMZWB,2023-06-22 00:00:00,OD Loan Repayment to 232323 - M-PESA Overdraw,COMPLETED,0.0,1945.25,-31404.36
401,401,SIK9B41ZPX,2024-09-12 00:00:00,OD Loan Repayment to 232323 - M-PESA Overdraw,COMPLETED,0.0,1945.25,-31404.36
402,402,3WQ2JLK76K,2023-02-11 00:00:00,Customer Transfer to - 2548*******143 Mr. McQuinn,COMPLETED,0.0,862.51,-32266.87
403,403,E9AM1ZWQIP,2023-01-19 00:00:00,Customer Transfer to - 2548*******143 Mr. McQuinn,COMPLETED,0.0,862.51,-32266.87
404,404,Y27L2XECYT,2024-08-15 00:00:00,Merchant Payment to 7388347 - The Gilded Truffle,COMPLETED,0.0,859.8,-33126.67
405,405,INPOODYK7K,2024-02-03 00:00:00,Merchant Payment to 7388347 - The Gilded Truffle,COMPLETED,0.0,859.8,-33126.67
406,406,9J7XYBY9YB,2023-08-16 00:00:00,OverDraft of Credit Party,COMPLETED,2961.95,0.0,-30164.72
407,407,2TTQE8YJIN,2024-02-19 00:00:00,Merchant Payment to 6234902 - Jumia,COMPLETED,0.0,881.7,-31046.42
408,408,SGIW15VYEQ,2023-01-11 00:00:00,Merchant Payment to 6234902 - Jumia,COMPLETED,0.0,881.7,-31046.42
409,409,L1DSQALWR2,2024-02-12 00:00:00,Pay Bill Online to The Krusty Krab Acc. 3766084,COMPLETED,0.0,1904.37,-32950.79
410,410,YI1TDYT4J6,2024-05-10 00:00:00,Pay Bill Online to The Krusty Krab Acc. 3766084,COMPLETED,0.0,1904.37,-32950.79
411,411,5TTU356IU7,2023-05-23 00:00:00,Pay Bill Online to The Krusty Krab Acc. 3766084,COMPLETED,0.0,1904.37,-32950.79
412,412,ELHV0NFO93,2024-05-07 00:00:00,Pay Bill Online to The Krusty Krab Acc. 3766084,COMPLETED,0.0,1904.37,-32950.79
413,413,AOIEUZBY2W,2024-04-21 00:00:00,Customer Transfer to - 2540*******890 Elsa Anna,COMPLETED,0.0,613.36,-33564.15
414,414,WNCTI3BV8K,2023-12-26 00:00:00,Customer Transfer to - 2542*******410 Clark Kent,COMPLETED,0.0,279.61,-33843.76
415,415,F5OQYQCMPN,2024-05-19 00:00:00,Customer Transfer to - 2542*******410 Clark Kent,COMPLETED,0.0,279.61,-33843.76
416,416,5OH07HOV2H,2024-09-17 00:00:00,Deposit of Funds at Agent Till 50249 - KFC,COMPLETED,4137.42,0.0,-29706.34
417,417,NTKMF8T0XE,2023-09-28 00:00:00,Funds received from - 2549*******393 Clark Kent,COMPLETED,775.12,0.0,-28931.22
418,418,UBEDR04M92,2024-04-02 00:00:00,Deposit of Funds at Agent Till 48871 - Jumia,COMPLETED,4252.88,0.0,-24678.34
419,419,BSFJW9AZLQ,2024-06-12 00:00:00,OverDraft of Credit Party,COMPLETED,1249.08,0.0,-23429.26
420,420,BI5JB8R2ZS,2023-12-28 00:00:00,Customer Transfer to - 2545*******882 Tony Stark,COMPLETED,0.0,936.63,-24365.89
421,421,TVFZNJAIP8,2023-06-03 00:00:00,Merchant Payment to 3683896 - Empire Records,COMPLETED,0.0,136.23,-24502.12
422,422,RKKFDYUC80,2024-07-03 00:00:00,Merchant Payment to 8971813 - KFC,COMPLETED,0.0,635.28,-25137.4
423,423,9UZKSJDDTN,2023-04-26 00:00:00,Pay Bill Online to Moes Tavern Acc. 1931516,COMPLETED,0.0,1267.82,-26405.22
424,424,TXYAYVHYDA,2024-02-12 00:00:00,Pay Bill Online to Moes Tavern Acc. 1931516,COMPLETED,0.0,1267.82,-26405.22
425,425,DN7LHY042T,2024-07-31 00:00:00,Pay Bill Online to Moes Tavern Acc. 1931516,COMPLETED,0.0,1267.82,-26405.22
426,426,E7MVJTZ136,2023-09-25 00:00:00,Pay Bill Online to Moes Tavern Acc. 1931516,COMPLETED,0.0,1267.82,-26405.22
427,427,D4R2AVTJR3,2024-09-23 00:00:00,Merchant Payment to 5609515 - KFC,COMPLETED,0.0,497.97,-26903.19
428,428,TCRB9V0N98,2023-07-03 00:00:00,Pay Bill Online to Chock lit Shoppe Acc. 7610169,COMPLETED,0.0,1323.32,-28226.51
429,429,IELGIFW7LO,2023-01-23 00:00:00,Deposit of Funds at Agent Till 13882 - Bluths Frozen Banana Stand,COMPLETED,4563.43,0.0,-23663.08
430,430,BAN5ZW9V3A,2024-03-07 00:00:00,Deposit of Funds at Agent Till 13882 - Bluths Frozen Banana Stand,COMPLETED,4563.43,0.0,-23663.08
431,431,8P5CGF9QCM,2024-06-02 00:00:00,Deposit of Funds at Agent Till 13882 - Bluths Frozen Banana Stand,COMPLETED,4563.43,0.0,-23663.08
432,432,YSQC1W9K49,2024-05-21 00:00:00,Customer Transfer to - 2540*******509 Mickey Mouse,COMPLETED,0.0,658.2,-24321.28
433,433,Y7GACF6DQ5,2023-02-06 00:00:00,OD Loan Repayment to 232323 - M-PESA Overdraw,COMPLETED,0.0,1769.45,-26090.73
434,434,662MWC47BE,2023-01-02 00:00:00,Funds received from - 2545*******289 Peter Parker,COMPLETED,1714.24,0.0,-24376.49
435,435,YE9T1GKBIG,2023-11-23 00:00:00,OverDraft of Credit Party,COMPLETED,1521.33,0.0,-22855.16
436,436,XHTQ4N9YXO,2023-05-03 00:00:00,OverDraft of Credit Party,COMPLETED,1521.33,0.0,-22855.16
437,437,CJO6SJ877N,2023-04-24 00:00:00,OverDraft of Credit Party,COMPLETED,1521.33,0.0,-22855.16
438,438,0E9H89MJYG,2023-06-19 00:00:00,Customer Withdrawal At Agent Till 9519592 - New Light Traders Agg Agg,COMPLETED,0.0,607.29,-23462.45
439,439,SZUWJ5MNO1,2024-05-19 00:00:00,Customer Withdrawal At Agent Till 8080193 - Chebara Junction Traders Agg Agg,COMPLETED,0.0,1748.29,-25210.74
440,440,6VQ9HSV943,2024-04-25 00:00:00,OverDraft of Credit Party,COMPLETED,603.46,0.0,-24607.28
441,441,0ZIGXM3PXP,2024-03-04 00:00:00,Merchant Payment to 8927554 - Green Crest Mini Mart,COMPLETED,0.0,1289.85,-25897.13
442,442,74PZQ0BZB9,2024-06-11 00:00:00,Funds received from - 2549*******393 Mickey Mouse,COMPLETED,1139.47,0.0,-24757.66
443,443,Y70S63USI6,2024-09-26 00:00:00,Customer Transfer to - 2543*******826 Peter Parker,COMPLETED,0.0,376.62,-25134.28
444,444,KQTDTZ871K,2024-07-13 00:00:00,Customer Transfer to - 2543*******826 Peter Parker,COMPLETED,0.0,376.62,-25134.28
445,445,K2G3YRWZIX,2024-05-07 00:00:00,Merchant Payment to 4787000 - Highridge Variety Store,COMPLETED,0.0,945.66,-26079.94
446,446,4QFK1AEXAB,2024-08-27 00:00:00,Merchant Payment to 4787000 - Highridge Variety Store,COMPLETED,0.0,945.66,-26079.94
447,447,D0B831E1LL,2024-10-17 00:00:00,Funds received from - 2542*******318 Darth Vader,COMPLETED,1146.22,0.0,-24933.72
448,448,DMZ5Q3QXO1,2024-09-30 00:00:00,OverDraft of Credit Party,COMPLETED,1280.19,0.0,-23653.53
449,449,029A7KB8L8,2024-05-15 00:00:00,OverDraft of Credit Party,COMPLETED,1580.65,0.0,-22072.88
450,450,UVN3HC9XEI,2023-09-13 00:00:00,Pay Bill Online to Equity Bank Acc. 6305226,COMPLETED,0.0,356.83,-22429.71
451,451,4KKQGT2V81,2023-06-21 00:00:00,Customer Withdrawal At Agent Till 6134097 - Eldo Tech World Agg Agg,COMPLETED,0.0,2605.14,-25034.85
452,452,C3TV0U2RZ2,2023-02-09 00:00:00,Pay Bill Online to Moes Tavern Acc. 1320283,COMPLETED,0.0,1462.51,-26497.36
453,453,VLHYOR67MS,2023-03-16 00:00:00,Pay Bill Online to Moes Tavern Acc. 1320283,COMPLETED,0.0,1462.51,-26497.36
454,454,A1QUUS46RY,2023-02-11 00:00:00,Pay Bill Online to Moes Tavern Acc. 1320283,COMPLETED,0.0,1462.51,-26497.36
455,455,MAIS0ATZFQ,2023-11-10 00:00:00,Pay Bill Online to Moes Tavern Acc. 1320283,COMPLETED,0.0,1462.51,-26497.36
456,456,S8CO9NCHYZ,2024-03-31 00:00:00,OverDraft of Credit Party,COMPLETED,2134.85,0.0,-24362.51
457,457,IPK4OOI7YG,2024-09-02 00:00:00,Pay Bill Online to Safaricom Acc. 2247044,COMPLETED,0.0,1741.1,-26103.61
458,458,HQG9IOZRO8,2023-04-11 00:00:00,Pay Bill Online to Safaricom Acc. 2247044,COMPLETED,0.0,1741.1,-26103.61
459,459,37RYMZRY98,2023-09-12 00:00:00,OD Loan Repayment to 232323 - M-PESA Overdraw,COMPLETED,0.0,975.92,-27079.53
460,460,Z0Y70ZQS96,2024-06-06 00:00:00,OverDraft of Credit Party,COMPLETED,190.25,0.0,-26889.28
461,461,LW0LR64S3I,2023-07-28 00:00:00,Pay Bill Online to KPLC Acc. 8406770,COMPLETED,0.0,1289.48,-28178.76
462,462,66U5XVOLSG,2024-10-25 00:00:00,Pay Bill Online to Chock lit Shoppe Acc. 1207308,COMPLETED,0.0,1005.72,-29184.48
463,463,U1BCGQMCWP,2023-07-06 00:00:00,Customer Transfer to - 2548*******702 Darth Vader,COMPLETED,0.0,590.78,-29775.26
464,464,VD8GSGPEGZ,2024-11-08 00:00:00,Customer Transfer to - 2549*******922 Homer Simpson,COMPLETED,0.0,437.43,-30212.69
465,465,8FQ09WPEPN,2024-11-08 00:00:00,Customer Transfer to - 2543*******571 Elsa Anna,COMPLETED,0.0,601.05,-30813.74
466,466,65OIN4VEIH,2023-01-09 00:00:00,Deposit of Funds at Agent Till 33982 - Androids Dungeon,COMPLETED,4772.5,0.0,-26041.24
467,467,5ZP0ZRBQFK,2024-08-22 00:00:00,Deposit of Funds at Agent Till 33982 - Androids Dungeon,COMPLETED,4772.5,0.0,-26041.24
468,468,R8FM7H4WZL,2024-08-06 00:00:00,Customer Withdrawal At Agent Till 5795428 - Umoja Household Dealers Agg Agg,COMPLETED,0.0,4623.38,-30664.62
469,469,J5P65S91EE,2023-07-02 00:00:00,Funds received from - 2548*******798 Mickey Mouse,COMPLETED,1402.97,0.0,-29261.65
470,470,TJJJQ6ZY2F,2024-10-25 00:00:00,Pay Bill Online to Chock lit Shoppe Acc. 5461894,COMPLETED,0.0,1145.3,-30406.95
471,471,1U9TMU6A0U,2023-02-23 00:00:00,Pay Bill Online to Chock lit Shoppe Acc. 5461894,COMPLETED,0.0,1145.3,-30406.95
472,472,NSKLIEQITA,2024-12-11 00:00:00,Pay Bill Online to Chock lit Shoppe Acc. 5461894,COMPLETED,0.0,1145.3,-30406.95
473,473,A9KTRMGX3H,2024-07-17 00:00:00,Customer Withdrawal At Agent Till 9967526 - Boma Budget Supplies Agg Agg,COMPLETED,0.0,4344.69,-34751.64
474,474,AN8E92BWYM,2023-02-12 00:00:00,Customer Withdrawal At Agent Till 9109865 - Chebara Junction Traders Agg Agg,COMPLETED,0.0,4781.15,-39532.79
475,475,ICGAIZ0NDG,2024-06-25 00:00:00,Customer Withdrawal At Agent Till 6204324 - Shalom Traders Kenya Agg Agg,COMPLETED,0.0,976.03,-40508.82
476,476,KAD76AVDQ9,2023-09-30 00:00:00,OD Loan Repayment to 232323 - M-PESA Overdraw,COMPLETED,0.0,1516.84,-42025.66
477,477,50X0QNQSJ5,2023-01-14 00:00:00,Funds received from - 2544*******202 Courage TheCowardly Dog,COMPLETED,814.35,0.0,-41211.31
478,478,IU1EDRJ3S8,2024-11-05 00:00:00,Funds received from - 2544*******202 Courage TheCowardly Dog,COMPLETED,814.35,0.0,-41211.31
479,479,S4BR9PQD0Z,2024-06-11 00:00:00,Funds received from - 2544*******202 Courage TheCowardly Dog,COMPLETED,814.35,0.0,-41211.31
480,480,3ID9ORW5CH,2024-06-26 00:00:00,Funds received from - 2544*******202 Courage TheCowardly Dog,COMPLETED,814.35,0.0,-41211.31
481,481,2FK4XCMB9P,2023-06-05 00:00:00,Deposit of Funds at Agent Till 35511 - ValleyMart General Supplies,COMPLETED,517.67,0.0,-40693.64
482,482,1O8F00FI7C,2023-08-28 00:00:00,Deposit of Funds at Agent Till 35511 - ValleyMart General Supplies,COMPLETED,517.67,0.0,-40693.64
483,483,C1BXB1WOND,2024-08-20 00:00:00,Deposit of Funds at Agent Till 35511 - ValleyMart General Supplies,COMPLETED,517.67,0.0,-40693.64
484,484,J9TMHLRT9H,2024-08-11 00:00:00,OverDraft of Credit Party,COMPLETED,891.27,0.0,-39802.37
485,485,A8Q4B8SAKH,2023-08-10 00:00:00,Funds received from - 2549*******875 Mr. McQuinn,COMPLETED,210.45,0.0,-39591.92
486,486,2RI59UMSTJ,2024-05-18 00:00:00,Funds received from - 2549*******725 Elsa Anna,COMPLETED,925.59,0.0,-38666.33
487,487,0OR8G8YPCJ,2024-11-17 00:00:00,Funds received from - 2549*******725 Elsa Anna,COMPLETED,925.59,0.0,-38666.33
488,488,VTWF9WKHUG,2024-01-26 00:00:00,Funds received from - 2549*******725 Elsa Anna,COMPLETED,925.59,0.0,-38666.33
489,489,JUL4I8N84Q,2023-09-08 00:00:00,OverDraft of Credit Party,COMPLETED,2089.06,0.0,-36577.27
490,490,RC7XCQ05TX,2023-01-12 00:00:00,OverDraft of Credit Party,COMPLETED,2089.06,0.0,-36577.27
491,491,IJHSDP4KCG,2024-06-28 00:00:00,OverDraft of Credit Party,COMPLETED,2089.06,0.0,-36577.27
492,492,BG4XKV47Q3,2024-03-05 00:00:00,Pay Bill Online to Equity Bank Acc. 7869115,COMPLETED,0.0,1361.88,-37939.15
493,493,Y2UHG8ZA2F,2023-01-27 00:00:00,Pay Bill Online to Equity Bank Acc. 7869115,COMPLETED,0.0,1361.88,-37939.15
494,494,Z5ST0QI98Q,2023-09-21 00:00:00,Funds received from - 2540*******113 Darth Vader,COMPLETED,463.14,0.0,-37476.01
495,495,8MOEFOJGAB,2024-05-15 00:00:00,Customer Withdrawal At Agent Till 6119204 - Starlite Provision Stores Agg Agg,COMPLETED,0.0,1316.22,-38792.23
496,496,C16G3ARMQ5,2024-01-25 00:00:00,Customer Withdrawal At Agent Till 6119204 - Starlite Provision Stores Agg Agg,COMPLETED,0.0,1316.22,-38792.23
497,497,Z1WK93RS6Q,2024-03-21 00:00:00,Customer Withdrawal At Agent Till 3901953 - Rift View Shop Agg Agg,COMPLETED,0.0,1290.99,-40083.22
498,498,77WC1KGP7X,2023-12-04 00:00:00,Merchant Payment to 6687185 - Los Pollos Hermanos,COMPLETED,0.0,926.3,-41009.52
499,499,JYIMR398EN,2023-01-11 00:00:00,Merchant Payment to 6687185 - Los Pollos Hermanos,COMPLETED,0.0,926.3,-41009.52
